id,restaurant_name,category,price_tier,neighborhood,open_hour,close_hour,avg_rating,kids
1,Gulgowski-Stoltenberg,Cafes,Expensive,Midtown,6:26,18:08,0,true
2,Cruickshank Inc,Cafes,Cheap,Upper East Side,9:46,22:47,3,true
3,"Will, Cartwright and Lindgren",Fine Dining,Medium,Lower East Side,10:06,19:44,5,false
4,Ferry-Larkin,Fast Food,Expensive,Soho,6:30,18:24,0,true
5,"Cummings, Ebert and Blick",Food Truck,Medium,"",8:26,19:25,0,true
6,Graham Group,Food Truck,Medium,Midtown,8:41,22:30,2,false
7,Hackett-Bashirian,Cafes,Cheap,Uptown,10:04,18:40,5,true
8,Dare Group,Cafes,Medium,"",10:05,20:49,2,true
9,Mitchell-Berge,Fast Food,Cheap,Soho,9:28,19:40,0,false
10,"MacGyver, Pouros and Jacobson",Fine Dining,Expensive,Lower West Side,9:59,20:09,0,false
11,Hegmann Group,Pop-ups,Cheap,Soho,9:54,21:15,2,false
12,"Deckow, Runte and Carter",Fast Food,Medium,"",8:06,19:34,3,true
13,Conn-Jast,Food Truck,Cheap,Downtown,9:22,22:43,5,true
14,Reichel LLC,Buffet,Cheap,Lower West Side,6:55,22:32,5,false
15,"Johnson, Stiedemann and Abshire",Cafes,Medium,Soho,7:08,19:17,1,true
16,"Hettinger, Block and Wisozk",Buffet,Medium,Uptown,6:36,18:57,1,false
17,"Mann, Greenfelder and Powlowski",Buffet,Cheap,Midtown,9:19,18:52,2,false
18,Murphy LLC,Buffet,Expensive,Soho,8:33,19:40,5,false
19,McCullough LLC,Cafes,Medium,Chinatown,10:21,21:51,5,true
20,Schoen Inc,Pop-ups,Expensive,Soho,6:24,21:04,4,false
21,"Dickens, Dicki and Schamberger",Food Truck,Cheap,Upper West Side,7:19,22:59,4,true
22,"Buckridge, Rempel and Moen",Food Truck,Medium,Ktown,10:16,18:13,3,true
23,Borer-Hane,Fine Dining,Expensive,"",10:19,19:29,1,true
24,Yundt-Kuhn,Fine Dining,Expensive,Ktown,9:30,22:34,1,false
25,"Wuckert, Collier and Hudson",Cafes,Medium,Lower East Side,6:37,19:26,3,true
26,O'Kon Inc,Food Truck,Expensive,Lower East Side,6:22,18:30,0,true
27,Rodriguez-Schumm,Food Truck,Expensive,Downtown,9:00,21:57,3,false
28,"Bednar, Pagac and Torp",Food Truck,Medium,Chinatown,8:17,22:03,0,false
29,Stiedemann-Buckridge,Pop-ups,Cheap,Uptown,10:48,18:33,1,true
30,"Terry, Fisher and Gerhold",Fine Dining,Expensive,Midtown,6:21,19:15,1,true
31,O'Connell and Sons,Food Truck,Medium,Upper East Side,10:07,19:40,4,true
32,"Haag, Howell and Welch",Food Truck,Expensive,Upper West Side,9:06,21:55,0,false
33,Feeney-O'Connell,Cafes,Medium,Lower West Side,9:37,18:38,4,false
34,Pouros-Littel,Buffet,Expensive,Soho,8:06,20:07,4,false
35,Jacobson and Sons,Buffet,Expensive,Midtown,10:10,21:13,2,false
36,Larkin Group,Pop-ups,Expensive,Upper East Side,10:59,20:30,1,true
37,"Johnston, Reinger and Wilderman",Pop-ups,Cheap,Ktown,10:39,19:05,1,false
38,Kutch-Metz,Fast Food,Medium,Upper East Side,8:13,20:08,0,false
39,Bartell Inc,Fast Food,Cheap,Ktown,6:35,19:36,3,true
40,"Lesch, Powlowski and Dare",Fast Food,Expensive,Upper West Side,10:58,22:21,3,false
41,"Considine, Herzog and Padberg",Buffet,Expensive,Ktown,10:34,22:02,0,true
42,Kovacek-Ruecker,Buffet,Medium,Uptown,8:38,20:41,4,false
43,"Sipes, Reichel and Runolfsdottir",Cafes,Expensive,Upper West Side,10:50,20:11,4,true
44,Feil and Sons,Fine Dining,Medium,Uptown,10:37,21:51,0,true
45,Cruickshank-Hand,Fast Food,Cheap,Upper West Side,8:01,21:29,2,false
46,"Bednar, Turcotte and Hoeger",Fast Food,Medium,Chinatown,7:23,21:22,5,false
47,"O'Conner, Marks and Hermiston",Fast Food,Medium,Upper East Side,7:48,21:06,2,true
48,Welch Inc,Fast Food,Expensive,Chinatown,6:59,20:17,2,false
49,Champlin-Muller,Fast Food,Medium,Upper East Side,8:11,19:56,1,false
50,"Rosenbaum, Schroeder and Muller",Food Truck,Cheap,Uptown,7:14,19:41,2,true
51,Halvorson-Gorczany,Fast Food,Expensive,Lower West Side,10:27,18:32,4,false
52,Harvey LLC,Buffet,Cheap,Lower West Side,10:00,19:02,0,false
53,Homenick-Keebler,Fine Dining,Medium,Upper East Side,9:05,22:18,2,false
54,Bernier Inc,Fast Food,Cheap,Lower West Side,9:00,19:42,5,false
55,"Kuphal, Beatty and Gleason",Buffet,Expensive,Soho,10:08,18:25,4,false
56,Bartell Group,Cafes,Expensive,"",6:53,22:32,3,false
57,Hegmann Inc,Buffet,Medium,Soho,6:01,20:41,4,true
58,Homenick-Lowe,Fast Food,Medium,Upper East Side,9:21,21:41,3,true
59,Osinski and Sons,Cafes,Medium,Upper East Side,8:41,21:27,5,false
60,Daniel-Boehm,Pop-ups,Medium,Upper East Side,6:39,20:47,0,true
61,Emmerich Inc,Fine Dining,Medium,Uptown,6:08,21:57,1,false
62,"Goyette, Greenholt and Carter",Pop-ups,Expensive,Ktown,8:14,22:22,2,true
63,"Erdman, Quitzon and Jaskolski",Fine Dining,Cheap,Upper East Side,7:32,19:01,5,false
64,Okuneva-Brakus,Pop-ups,Expensive,Lower East Side,7:16,22:53,2,true
65,"Hilpert, Heidenreich and Kautzer",Cafes,Expensive,Chinatown,8:02,19:25,5,false
66,Hilll-Johnston,Pop-ups,Medium,Lower West Side,6:01,21:00,5,true
67,Tromp-Gislason,Cafes,Cheap,Upper East Side,9:38,18:39,3,false
68,Schuster-Crooks,Buffet,Medium,Upper West Side,10:52,21:07,5,false
69,Lindgren-Beahan,Fast Food,Expensive,Chinatown,9:42,19:59,5,false
70,Hyatt-Herman,Fine Dining,Cheap,"",10:16,21:40,4,true
71,"Mills, Schowalter and Bahringer",Fast Food,Medium,Midtown,10:15,19:18,5,false
72,"Wehner, Mraz and Heller",Pop-ups,Expensive,Chinatown,10:46,21:39,1,false
73,Graham-Roberts,Buffet,Medium,Upper East Side,7:39,22:11,2,false
74,"Glover, Robel and Greenfelder",Buffet,Expensive,Upper East Side,6:09,19:08,2,false
75,"Lemke, Morissette and Spinka",Food Truck,Cheap,Lower West Side,7:21,22:59,1,false
76,"Hoppe, Abbott and Schiller",Food Truck,Expensive,Soho,9:28,19:35,0,false
77,Hayes LLC,Buffet,Cheap,Soho,7:08,19:52,5,true
78,Huels-Rowe,Buffet,Cheap,Midtown,10:03,20:25,1,false
79,Beer-Waelchi,Cafes,Medium,Ktown,9:28,18:22,2,false
80,Morissette Inc,Food Truck,Expensive,Uptown,7:34,18:43,0,true
81,Lockman Group,Buffet,Medium,Upper West Side,6:10,20:14,3,true
82,"Pollich, Powlowski and Daniel",Fine Dining,Expensive,Downtown,8:14,21:42,1,true
83,Homenick-Schiller,Food Truck,Expensive,Upper East Side,10:04,18:57,0,true
84,Casper-Pacocha,Fine Dining,Expensive,Upper East Side,10:50,22:51,5,true
85,Crooks-Ernser,Food Truck,Medium,Ktown,7:58,19:29,1,true
86,Brekke and Sons,Fine Dining,Medium,Lower East Side,9:47,21:45,3,true
87,Runolfsdottir-Yundt,Fine Dining,Cheap,Ktown,7:43,19:08,5,true
88,Champlin and Sons,Cafes,Cheap,Chinatown,10:18,18:41,5,true
89,McDermott Inc,Fast Food,Cheap,Midtown,8:42,18:33,0,false
90,Hegmann-Ryan,Pop-ups,Cheap,Uptown,7:31,18:27,5,true
91,"Langosh, Weber and Kreiger",Buffet,Medium,Chinatown,7:47,19:47,5,true
92,"Johnston, Koepp and Lubowitz",Fast Food,Expensive,Ktown,10:17,22:59,1,false
93,Marquardt-Morar,Food Truck,Expensive,Upper West Side,10:17,21:24,2,false
94,"Feeney, Terry and Thompson",Buffet,Cheap,Lower East Side,10:13,18:55,5,true
95,Mraz-Will,Fast Food,Expensive,Upper East Side,10:43,18:50,5,false
96,"Farrell, Herzog and Little",Cafes,Expensive,Downtown,7:03,18:25,1,true
97,McKenzie-Dooley,Cafes,Cheap,Lower East Side,8:43,22:57,2,false
98,Davis-Hegmann,Pop-ups,Cheap,Upper West Side,8:32,18:13,0,true
99,Mueller and Sons,Food Truck,Cheap,Chinatown,8:03,18:52,0,false
100,"Heaney, Heaney and Harris",Fast Food,Expensive,Chinatown,9:47,18:36,4,false
101,Aufderhar and Sons,Food Truck,Cheap,"",8:14,20:51,4,true
102,Mueller-Hane,Pop-ups,Cheap,Upper West Side,8:39,20:30,4,false
103,Herman-O'Conner,Fine Dining,Medium,Soho,6:01,21:32,4,true
104,"Monahan, Jast and Rice",Fast Food,Cheap,Downtown,9:35,18:20,4,false
105,Adams and Sons,Pop-ups,Cheap,Downtown,6:54,20:04,2,false
106,Jacobs Inc,Buffet,Cheap,Soho,9:20,21:01,3,true
107,"Nienow, Hayes and Rutherford",Fine Dining,Expensive,Ktown,8:18,19:33,0,true
108,"Renner, Jakubowski and Mraz",Buffet,Cheap,Upper West Side,6:11,18:24,4,false
109,"Fisher, Daniel and Lubowitz",Fine Dining,Expensive,Upper East Side,10:02,22:12,0,true
110,Will-Pacocha,Fast Food,Medium,Upper East Side,10:33,19:56,4,true
111,"Kassulke, Bernier and Wilderman",Pop-ups,Medium,"",10:03,21:35,0,true
112,"Parisian, Kovacek and Upton",Food Truck,Expensive,"",7:29,18:56,2,false
113,"Mosciski, Swaniawski and Ankunding",Food Truck,Cheap,Uptown,9:55,21:08,0,true
114,Rice Inc,Pop-ups,Expensive,Lower West Side,8:58,20:34,1,false
115,Lockman-Swift,Fast Food,Cheap,Lower West Side,9:11,19:52,2,false
116,Mante-Block,Fine Dining,Expensive,Downtown,6:13,20:19,0,true
117,Reichert and Sons,Food Truck,Cheap,"",10:11,19:59,5,false
118,"Cummerata, Crona and Crist",Buffet,Cheap,Lower West Side,10:20,22:54,4,true
119,Huel Group,Fast Food,Cheap,Upper East Side,7:16,19:57,3,false
120,Ortiz Inc,Buffet,Medium,Ktown,7:54,22:52,4,true
121,Mann-Kovacek,Buffet,Cheap,Upper East Side,7:02,20:12,0,false
122,"Reichel, Flatley and Macejkovic",Fine Dining,Expensive,Midtown,9:08,22:20,5,false
123,Franecki Group,Food Truck,Medium,Midtown,8:03,18:51,2,false
124,Ward Group,Pop-ups,Cheap,Chinatown,6:15,22:31,1,true
125,Terry Group,Food Truck,Cheap,Midtown,10:38,22:42,4,true
126,"Greenholt, Vandervort and Beatty",Food Truck,Medium,Chinatown,9:11,18:26,4,false
127,Durgan-Windler,Pop-ups,Cheap,Lower East Side,7:53,22:35,2,true
128,"Rau, Ryan and Bernier",Food Truck,Cheap,Ktown,6:17,19:22,0,true
129,Okuneva LLC,Fast Food,Medium,Upper West Side,9:49,20:38,0,true
130,Roob Group,Fine Dining,Medium,Ktown,10:01,20:57,4,true
131,"Wunsch, Bosco and Abshire",Fast Food,Expensive,Downtown,10:23,19:56,2,false
132,Stark Inc,Fast Food,Cheap,Upper West Side,7:24,20:29,0,false
133,Lemke-Stracke,Food Truck,Cheap,Uptown,8:25,19:49,1,true
134,Volkman LLC,Buffet,Cheap,Uptown,10:51,20:50,3,true
135,Stokes Inc,Buffet,Expensive,Lower West Side,8:09,20:23,5,true
136,Harris-Runte,Pop-ups,Medium,Uptown,10:21,20:54,0,true
137,Pfannerstill-Armstrong,Fine Dining,Cheap,Downtown,8:22,20:01,1,false
138,"Conroy, McDermott and Schuster",Fine Dining,Cheap,Chinatown,6:22,21:59,1,true
139,Moore and Sons,Fast Food,Cheap,Upper East Side,10:17,18:35,2,true
140,Cronin LLC,Cafes,Cheap,"",6:38,19:09,4,true
141,Bode LLC,Food Truck,Expensive,Upper East Side,8:45,20:52,5,false
142,Swaniawski Inc,Cafes,Medium,Midtown,7:40,19:00,3,true
143,Stracke Inc,Fine Dining,Cheap,Downtown,7:34,20:17,0,true
144,Lehner-O'Keefe,Fine Dining,Expensive,Lower West Side,6:38,18:21,4,true
145,Kozey Inc,Food Truck,Cheap,Downtown,7:20,18:02,1,true
146,Lakin-Wisozk,Fine Dining,Expensive,Lower West Side,10:26,22:45,5,true
147,Johnson Group,Food Truck,Expensive,"",8:41,19:56,1,true
148,Walter-Koss,Fast Food,Cheap,"",7:21,19:01,1,false
149,"Christiansen, Streich and Feest",Fine Dining,Expensive,Uptown,6:55,19:28,0,false
150,White Inc,Fine Dining,Cheap,Upper West Side,10:55,20:47,3,false
151,Harvey Inc,Cafes,Medium,Uptown,6:53,22:55,3,false
152,Swift-Klein,Fine Dining,Medium,"",9:51,18:43,0,true
153,O'Keefe-Windler,Fine Dining,Cheap,"",10:32,22:16,2,false
154,"Conn, Leannon and Roob",Pop-ups,Medium,Soho,7:09,19:08,3,false
155,Schinner Group,Pop-ups,Expensive,Chinatown,6:56,21:04,5,false
156,Ferry-Jenkins,Fine Dining,Medium,Lower East Side,7:22,18:38,1,false
157,"Cummings, Rempel and Stark",Pop-ups,Medium,Lower East Side,7:32,19:56,0,false
158,"Blick, Langworth and Effertz",Fast Food,Expensive,"",6:59,18:01,4,false
159,Romaguera LLC,Cafes,Expensive,Ktown,7:40,20:18,5,true
160,Witting-Oberbrunner,Buffet,Medium,Lower West Side,9:48,22:19,4,false
161,Schamberger Inc,Food Truck,Medium,Soho,10:51,20:30,0,true
162,O'Keefe-Grant,Buffet,Medium,"",9:18,21:24,1,true
163,Haag Inc,Cafes,Cheap,Uptown,6:38,19:22,3,true
164,Kemmer-Hilll,Fast Food,Cheap,Upper West Side,7:05,22:28,0,true
165,"Roberts, McClure and Hane",Fast Food,Cheap,Chinatown,10:53,20:21,1,false
166,Raynor-Oberbrunner,Buffet,Cheap,Uptown,8:13,22:34,5,true
167,Ziemann LLC,Fast Food,Expensive,Lower East Side,10:20,20:12,2,true
168,Hand-Dietrich,Pop-ups,Expensive,Midtown,8:32,21:49,4,true
169,Kessler Inc,Fine Dining,Medium,Midtown,9:14,22:27,5,false
170,Mohr-Dicki,Pop-ups,Expensive,Soho,8:28,20:56,1,true
171,"Metz, Jacobs and Kirlin",Fast Food,Cheap,Ktown,9:10,21:39,0,false
172,"Ferry, Bernier and Daniel",Food Truck,Expensive,Soho,10:53,19:17,5,false
173,"Nienow, Koepp and Lowe",Buffet,Cheap,Upper East Side,8:32,19:03,0,true
174,"Bergstrom, Beier and Wilkinson",Cafes,Medium,Lower East Side,8:03,21:22,3,false
175,Runolfsson Inc,Pop-ups,Cheap,Lower West Side,7:04,19:00,3,false
176,"Yost, Shields and Maggio",Fast Food,Expensive,Chinatown,10:21,19:58,3,false
177,"Stanton, Stokes and Stanton",Fast Food,Medium,Upper East Side,8:56,18:31,3,false
178,Hackett and Sons,Buffet,Expensive,Downtown,9:43,20:23,3,false
179,Ledner-Carter,Buffet,Cheap,Downtown,10:12,22:26,0,true
180,Larson-Zieme,Fine Dining,Expensive,Chinatown,6:42,18:15,2,false
181,"Smith, Ullrich and Schowalter",Pop-ups,Medium,"",10:27,19:10,4,false
182,Runolfsson-Bernhard,Buffet,Cheap,Upper West Side,6:27,19:45,1,false
183,"Welch, Prosacco and Legros",Cafes,Expensive,Downtown,7:52,18:58,4,true
184,Ritchie-White,Food Truck,Cheap,Soho,6:38,22:35,1,true
185,Huel Inc,Buffet,Expensive,Chinatown,9:30,20:31,2,true
186,McDermott-Kreiger,Cafes,Expensive,"",7:03,21:28,4,true
187,"Emmerich, Adams and Keeling",Pop-ups,Expensive,Chinatown,8:43,19:39,1,false
188,"Oberbrunner, Langosh and Kerluke",Food Truck,Cheap,Upper East Side,6:46,20:57,5,false
189,"Wintheiser, Jakubowski and Brekke",Pop-ups,Cheap,Chinatown,6:52,22:36,5,false
190,"Koch, Schimmel and Beatty",Cafes,Cheap,Chinatown,6:38,21:47,3,true
191,Ratke LLC,Fast Food,Cheap,Ktown,10:20,18:11,0,false
192,Hickle-Legros,Food Truck,Medium,Chinatown,6:33,19:39,1,false
193,Kiehn and Sons,Cafes,Expensive,Uptown,6:15,19:25,0,false
194,"Schuster, Haag and Berge",Pop-ups,Expensive,Uptown,6:46,20:49,1,true
195,West Inc,Cafes,Medium,Lower West Side,7:18,21:58,1,false
196,Rowe-Osinski,Buffet,Medium,Downtown,6:20,18:22,2,true
197,"Schimmel, Schulist and Hills",Buffet,Cheap,Downtown,10:37,19:30,3,true
198,Buckridge-Rolfson,Fine Dining,Cheap,Lower East Side,8:59,19:49,1,false
199,Hilll LLC,Fine Dining,Cheap,Chinatown,10:22,19:16,2,true
200,Lesch Group,Cafes,Medium,Downtown,6:26,20:20,3,false
201,Willms-Kutch,Cafes,Expensive,Ktown,10:08,22:21,3,false
202,Stark-Harris,Food Truck,Expensive,Uptown,9:02,22:39,0,false
203,"Lehner, Funk and Luettgen",Cafes,Expensive,Ktown,9:00,18:00,0,false
204,"Waters, Koelpin and Shanahan",Fast Food,Expensive,"",7:13,18:03,5,false
205,Abernathy Group,Pop-ups,Medium,Midtown,8:54,21:38,5,true
206,"Jakubowski, Friesen and Schinner",Fast Food,Cheap,Upper East Side,7:59,20:34,3,true
207,"Mertz, Daugherty and Kilback",Fast Food,Expensive,Soho,10:17,22:14,1,false
208,Brakus LLC,Buffet,Medium,Midtown,7:23,22:21,4,true
209,Graham-Parker,Cafes,Cheap,Soho,6:05,20:33,0,false
210,Senger-Gislason,Buffet,Cheap,Lower West Side,10:07,20:08,4,true
211,Heidenreich Inc,Buffet,Expensive,Lower West Side,7:29,22:43,5,true
212,Treutel Group,Buffet,Cheap,"",9:37,18:39,1,true
213,Dietrich-Sipes,Food Truck,Medium,Ktown,10:48,20:21,0,true
214,Keeling LLC,Pop-ups,Cheap,Midtown,10:17,21:26,1,false
215,Green-Purdy,Cafes,Expensive,Lower East Side,7:35,19:34,4,false
216,Mann LLC,Fast Food,Expensive,Lower West Side,8:53,19:51,3,true
217,Kub Inc,Buffet,Medium,Soho,10:41,20:10,5,false
218,Thompson-Blanda,Pop-ups,Medium,Soho,8:30,21:39,4,true
219,Sipes Group,Food Truck,Expensive,Ktown,10:02,20:46,4,true
220,"Renner, Thompson and Heathcote",Cafes,Medium,Lower East Side,8:05,19:02,5,false
221,Kuhn and Sons,Fast Food,Cheap,Upper West Side,7:11,18:49,1,false
222,Fisher-Rau,Fine Dining,Medium,Uptown,8:24,21:07,3,false
223,West LLC,Fast Food,Medium,Chinatown,8:18,18:45,1,false
224,Herman Inc,Fast Food,Expensive,Upper West Side,6:35,19:39,3,true
225,MacGyver and Sons,Cafes,Cheap,Ktown,7:54,20:56,4,true
226,Nader and Sons,Cafes,Expensive,Uptown,7:35,21:37,1,false
227,Runolfsdottir Inc,Fast Food,Expensive,Downtown,10:44,22:16,2,false
228,Douglas-Schmidt,Fine Dining,Expensive,Midtown,6:37,18:58,3,false
229,Bayer-Abbott,Food Truck,Medium,Chinatown,6:14,18:22,1,false
230,Kunde Group,Pop-ups,Medium,Uptown,8:20,18:49,0,true
231,"Dickens, Keeling and Mraz",Pop-ups,Medium,Lower East Side,8:46,22:53,3,true
232,Jaskolski and Sons,Cafes,Medium,Lower West Side,10:10,19:51,5,true
233,Kub Group,Food Truck,Expensive,Upper West Side,9:36,19:55,2,false
234,"Prosacco, Weber and Williamson",Cafes,Expensive,Chinatown,10:31,22:01,3,true
235,"Rohan, Lesch and Cartwright",Fine Dining,Expensive,Midtown,6:21,18:01,0,true
236,Lemke-Davis,Pop-ups,Expensive,Soho,10:22,18:31,2,true
237,"Heller, Bernier and Stokes",Fine Dining,Cheap,Downtown,7:11,19:05,0,false
238,Prosacco-Ritchie,Fine Dining,Expensive,Soho,8:30,22:45,3,true
239,"Crooks, Okuneva and Cremin",Fast Food,Expensive,"",9:35,21:37,4,true
240,Hackett-Jerde,Fast Food,Medium,Ktown,8:58,22:29,2,true
241,Huels-Harris,Cafes,Cheap,Uptown,7:11,20:39,1,false
242,Zulauf-Wisozk,Buffet,Cheap,Uptown,7:51,22:48,0,true
243,"Lesch, Corwin and Heaney",Cafes,Expensive,"",7:04,20:56,0,true
244,"Moore, Lebsack and Fay",Food Truck,Expensive,Midtown,9:56,19:08,0,false
245,Grant LLC,Buffet,Expensive,Lower West Side,6:46,19:47,3,true
246,Gibson LLC,Buffet,Cheap,Chinatown,8:00,19:25,4,false
247,Bruen Group,Food Truck,Cheap,Uptown,6:00,19:48,4,true
248,Huels Inc,Pop-ups,Medium,Ktown,7:41,18:20,5,false
249,"Torp, Bergnaum and Kerluke",Fine Dining,Expensive,"",8:27,18:20,3,false
250,"Bayer, Stamm and Koelpin",Pop-ups,Cheap,Upper East Side,9:21,19:01,5,true
251,Becker LLC,Buffet,Expensive,Lower West Side,9:05,19:56,4,true
252,Goyette Inc,Buffet,Cheap,Lower East Side,8:01,20:49,3,false
253,Blick-Koss,Cafes,Cheap,Lower East Side,6:09,19:59,1,true
254,Olson Inc,Cafes,Cheap,Uptown,9:33,19:14,4,false
255,"McClure, Wintheiser and O'Reilly",Fast Food,Expensive,Soho,8:56,22:57,4,true
256,Pouros Inc,Cafes,Expensive,Soho,10:52,22:13,2,true
257,Koss-Terry,Buffet,Cheap,Upper West Side,7:05,21:03,2,false
258,"Beatty, Jacobi and Ritchie",Pop-ups,Expensive,Uptown,9:14,19:47,3,true
259,"Cremin, Kuhlman and Zemlak",Cafes,Expensive,Midtown,9:09,18:23,2,true
260,Donnelly LLC,Fast Food,Medium,Lower West Side,7:42,22:06,3,true
261,"Lebsack, Konopelski and Kohler",Fast Food,Expensive,Upper West Side,7:08,20:51,0,false
262,Hammes-Predovic,Food Truck,Medium,Downtown,9:54,19:38,1,false
263,"Price, Bashirian and Mohr",Pop-ups,Medium,Ktown,6:11,18:57,1,true
264,"Wolff, Hansen and Hettinger",Cafes,Medium,Upper West Side,7:36,22:53,1,true
265,Gerhold-Hamill,Cafes,Cheap,Soho,9:34,21:10,0,true
266,"Treutel, Schuster and Dach",Pop-ups,Cheap,Soho,9:52,18:11,2,true
267,Hartmann-Wintheiser,Fast Food,Medium,Midtown,9:57,22:54,4,false
268,"Douglas, Rippin and Tillman",Pop-ups,Medium,Soho,8:28,18:46,5,true
269,"Bednar, Zemlak and Medhurst",Pop-ups,Cheap,Lower West Side,10:03,20:22,3,false
270,"Lebsack, Rutherford and Marks",Fine Dining,Expensive,Downtown,8:04,21:09,2,false
271,"Block, MacGyver and Nitzsche",Fine Dining,Expensive,Ktown,9:39,19:30,3,true
272,Powlowski and Sons,Food Truck,Cheap,Downtown,7:35,22:05,5,false
273,"McLaughlin, Schamberger and Armstrong",Fine Dining,Expensive,Lower West Side,9:26,18:24,2,true
274,Tremblay and Sons,Fine Dining,Medium,Midtown,8:59,19:22,4,true
275,Murphy-Luettgen,Fine Dining,Cheap,Ktown,10:34,18:52,5,false
276,Farrell and Sons,Food Truck,Medium,Upper East Side,7:32,18:03,4,false
277,Schuppe Inc,Fast Food,Expensive,Upper West Side,9:27,20:36,2,false
278,Effertz LLC,Fast Food,Medium,"",8:47,21:02,5,false
279,Wisoky Group,Pop-ups,Expensive,Downtown,6:18,18:21,4,true
280,Simonis Group,Food Truck,Cheap,Lower East Side,10:34,19:54,5,false
281,Dach Group,Buffet,Cheap,Soho,9:10,21:32,2,false
282,Gutkowski-Krajcik,Food Truck,Cheap,Upper East Side,9:08,21:24,4,false
283,"Renner, Haag and Littel",Fine Dining,Expensive,Upper West Side,8:39,21:13,4,false
284,Grady LLC,Food Truck,Cheap,"",10:39,21:28,2,false
285,Ryan-Wyman,Pop-ups,Medium,Uptown,10:09,21:48,4,true
286,Legros Inc,Pop-ups,Expensive,Ktown,6:43,21:31,5,true
287,"Price, Schowalter and Quigley",Fast Food,Medium,Chinatown,10:29,21:12,1,true
288,Heathcote-Walsh,Food Truck,Expensive,Lower East Side,7:32,21:27,3,false
289,Dooley LLC,Fast Food,Expensive,Uptown,8:38,20:38,1,true
290,"Conn, Jakubowski and Dare",Buffet,Cheap,Ktown,7:04,22:19,1,false
291,Reilly Group,Pop-ups,Expensive,Midtown,9:12,21:32,2,false
292,"Kerluke, Nikolaus and Huels",Fine Dining,Cheap,Upper East Side,7:05,22:31,1,false
293,Crist-Sauer,Pop-ups,Cheap,Uptown,7:23,21:22,1,true
294,"Pouros, Muller and Yost",Food Truck,Expensive,Ktown,8:55,19:57,5,false
295,Grant-Jast,Food Truck,Cheap,Lower East Side,7:33,18:58,4,false
296,Carroll LLC,Pop-ups,Medium,Midtown,10:56,20:10,2,false
297,Rau-Leannon,Buffet,Cheap,Upper West Side,6:04,22:24,0,false
298,"Olson, Ankunding and Koss",Fine Dining,Medium,Lower West Side,6:47,18:07,5,false
299,Schmitt and Sons,Pop-ups,Medium,Upper West Side,8:04,21:08,0,false
300,"Thompson, Haley and Robel",Cafes,Expensive,"",9:02,22:27,2,true
301,"Ullrich, Schaefer and Roberts",Cafes,Cheap,Soho,9:23,21:48,3,false
302,Sanford-Collins,Cafes,Expensive,Upper West Side,10:49,19:01,4,true
303,Heathcote-Langworth,Cafes,Expensive,Lower West Side,6:21,18:03,1,true
304,Koss and Sons,Cafes,Cheap,Midtown,9:34,18:07,4,false
305,Hilpert Inc,Cafes,Medium,Lower East Side,6:55,21:41,2,true
306,"Rogahn, Douglas and Osinski",Buffet,Expensive,Chinatown,7:01,21:02,3,true
307,"Lehner, Hand and Halvorson",Pop-ups,Expensive,Upper West Side,9:44,21:55,0,false
308,Ankunding-Ankunding,Food Truck,Medium,Midtown,10:10,20:23,3,false
309,Schneider-Lebsack,Food Truck,Cheap,"",9:49,20:39,3,false
310,Leffler-Murazik,Cafes,Expensive,Chinatown,10:32,22:31,5,true
311,Gusikowski Inc,Buffet,Expensive,Lower West Side,7:43,20:45,3,false
312,Toy and Sons,Fine Dining,Expensive,Downtown,10:50,22:16,4,true
313,"Huel, Hills and Greenholt",Cafes,Cheap,Downtown,8:07,21:42,4,false
314,Pagac Inc,Fine Dining,Expensive,Upper West Side,7:42,22:17,5,true
315,Casper Inc,Buffet,Medium,Ktown,8:49,22:49,0,false
316,Buckridge Inc,Cafes,Medium,"",10:34,18:59,4,true
317,Abbott Group,Fine Dining,Cheap,"",10:24,21:12,2,false
318,Leuschke Inc,Fine Dining,Medium,Downtown,10:56,20:30,5,true
319,"Padberg, Beahan and Kozey",Food Truck,Expensive,Lower East Side,6:22,21:03,4,false
320,Brakus-Fisher,Cafes,Medium,Downtown,8:22,20:02,3,false
321,"Langosh, Zieme and Hahn",Buffet,Medium,Chinatown,8:17,22:33,0,false
322,Gerlach-Koch,Fine Dining,Medium,Upper West Side,8:43,19:40,4,true
323,Morar LLC,Buffet,Cheap,Midtown,6:32,19:43,4,false
324,"Auer, Huels and Boyle",Fine Dining,Medium,Upper East Side,8:58,22:34,0,true
325,"Connelly, Ebert and Hintz",Buffet,Medium,Downtown,6:31,18:29,5,false
326,Maggio-Cummings,Fast Food,Medium,Chinatown,9:19,18:05,1,true
327,Beahan and Sons,Food Truck,Cheap,Lower East Side,6:36,21:36,4,true
328,"Romaguera, O'Conner and Harvey",Fine Dining,Expensive,Upper West Side,10:02,21:40,0,false
329,Ebert LLC,Fast Food,Cheap,Upper East Side,10:16,19:28,3,false
330,Howell Group,Food Truck,Medium,Lower East Side,10:19,21:51,2,false
331,Kunde LLC,Cafes,Medium,Soho,7:02,18:33,3,false
332,Waters-Glover,Fast Food,Medium,Lower West Side,10:29,19:05,0,true
333,"Olson, Halvorson and Huels",Cafes,Expensive,Lower East Side,9:17,20:49,1,false
334,Haag Inc,Fast Food,Medium,Uptown,9:41,20:47,2,true
335,Stroman-Donnelly,Fast Food,Medium,Upper West Side,9:01,22:30,2,false
336,Quitzon LLC,Fast Food,Medium,Uptown,7:14,18:34,4,false
337,"Dare, Wilkinson and Emard",Cafes,Cheap,Lower East Side,8:08,20:09,5,false
338,"Bednar, Stamm and Gusikowski",Buffet,Cheap,Soho,8:23,19:33,0,false
339,"Bailey, Pfannerstill and Turcotte",Fast Food,Cheap,Uptown,8:27,20:38,3,true
340,Grimes-Stiedemann,Fine Dining,Medium,Ktown,9:33,22:49,3,false
341,Lubowitz-Miller,Fast Food,Expensive,Chinatown,6:24,20:04,2,false
342,"Gislason, Roberts and Schmitt",Fast Food,Expensive,Downtown,7:26,21:00,0,false
343,Kuvalis-Wyman,Pop-ups,Medium,Downtown,10:06,18:00,3,true
344,Thompson-Kihn,Buffet,Cheap,Downtown,8:53,20:57,1,false
345,Mann and Sons,Fast Food,Expensive,Upper East Side,7:34,21:23,0,true
346,Larkin-Wisozk,Fast Food,Medium,Upper West Side,7:57,21:06,1,true
347,Jacobs and Sons,Pop-ups,Medium,Ktown,6:50,21:03,0,false
348,Jenkins-Crist,Buffet,Medium,Soho,7:58,20:33,0,true
349,Bailey-Erdman,Food Truck,Medium,Uptown,8:37,21:08,5,false
350,Hoeger LLC,Fast Food,Cheap,Upper West Side,6:11,18:05,3,false
351,"Medhurst, Schumm and Hauck",Food Truck,Cheap,Chinatown,7:46,18:53,5,false
352,Maggio-Satterfield,Fast Food,Expensive,Downtown,10:30,20:37,5,false
353,"Wolf, Dietrich and Ankunding",Fast Food,Medium,"",10:39,22:06,0,true
354,Bogisich and Sons,Fine Dining,Expensive,Upper West Side,6:46,20:37,5,false
355,Sipes LLC,Fast Food,Medium,"",6:03,21:19,0,true
356,"Howe, Price and Conroy",Buffet,Cheap,Soho,8:00,19:08,3,false
357,Runte-Kassulke,Buffet,Expensive,Lower West Side,7:20,21:03,2,false
358,Torphy LLC,Fast Food,Cheap,Midtown,8:54,20:51,1,false
359,Stokes Inc,Cafes,Medium,Downtown,7:45,18:15,1,false
360,McClure-Leffler,Fast Food,Expensive,Lower East Side,7:57,22:24,5,false
361,Hegmann-Satterfield,Cafes,Medium,Uptown,8:13,21:51,4,true
362,Nikolaus Inc,Food Truck,Expensive,Ktown,9:30,21:40,3,true
363,"Hackett, Baumbach and Koch",Cafes,Cheap,Ktown,9:02,20:47,0,false
364,Bernier-Nicolas,Food Truck,Cheap,Uptown,9:54,21:09,4,false
365,"Reilly, Renner and Gulgowski",Cafes,Expensive,Uptown,6:33,20:11,4,true
366,Smith-Hartmann,Fine Dining,Expensive,Soho,9:46,18:49,5,true
367,Douglas Group,Pop-ups,Cheap,Ktown,9:57,19:54,4,false
368,Hessel-Gutmann,Food Truck,Cheap,Lower East Side,10:21,22:11,1,false
369,Zboncak Group,Fine Dining,Expensive,Upper East Side,10:46,22:51,5,true
370,Ward-Kerluke,Pop-ups,Expensive,"",10:49,19:10,3,false
371,Monahan LLC,Fine Dining,Medium,Lower East Side,8:01,20:12,0,true
372,Armstrong-Frami,Cafes,Medium,Upper West Side,10:33,18:13,3,false
373,Mayer Inc,Fine Dining,Medium,"",6:33,22:20,5,false
374,Russel-Kreiger,Fine Dining,Cheap,Lower East Side,7:54,18:15,5,true
375,"Bogan, Fisher and Stamm",Fast Food,Cheap,"",10:50,19:15,5,false
376,"Gottlieb, Emard and Kulas",Fine Dining,Medium,Lower East Side,8:13,20:13,5,true
377,Herzog-Medhurst,Fast Food,Cheap,"",7:23,21:28,2,false
378,Casper Group,Food Truck,Cheap,Upper East Side,8:35,20:18,5,true
379,Schulist Group,Pop-ups,Expensive,"",8:09,18:41,4,false
380,Bogisich-Sporer,Pop-ups,Expensive,Chinatown,8:19,19:09,1,false
381,Runolfsdottir Inc,Fine Dining,Expensive,Lower East Side,10:26,20:22,5,false
382,Labadie Inc,Pop-ups,Medium,Midtown,6:08,19:52,4,false
383,Adams-Kunze,Cafes,Medium,Lower West Side,10:03,19:46,1,false
384,Harvey Group,Food Truck,Expensive,Soho,10:57,20:37,1,false
385,Morar-Renner,Cafes,Medium,Midtown,8:49,21:25,0,true
386,Roob LLC,Buffet,Expensive,Chinatown,9:58,21:55,3,false
387,Walter-O'Hara,Fine Dining,Expensive,Lower West Side,7:56,22:07,1,true
388,Zieme-Shanahan,Fine Dining,Cheap,Lower West Side,9:11,18:57,3,true
389,O'Connell-Boyle,Fine Dining,Medium,Upper West Side,6:20,20:05,3,true
390,Parisian-Tremblay,Fast Food,Cheap,Lower West Side,7:53,18:09,5,false
391,"Sawayn, Hauck and Greenholt",Fast Food,Cheap,Midtown,9:14,21:16,3,false
392,Langworth-Strosin,Food Truck,Expensive,Upper West Side,7:13,21:16,5,false
393,"Bernier, Gerhold and Crist",Pop-ups,Medium,Upper East Side,9:00,19:12,0,true
394,Jaskolski-Langosh,Cafes,Cheap,Soho,9:47,22:32,1,true
395,Gleason-Ankunding,Pop-ups,Medium,"",7:24,18:51,5,false
396,"Heaney, Stehr and Dibbert",Fine Dining,Cheap,Downtown,8:52,19:45,2,false
397,Stoltenberg-Herzog,Cafes,Cheap,Chinatown,10:36,22:13,3,true
398,Pfannerstill-Reichel,Food Truck,Expensive,"",10:46,20:05,2,true
399,Corkery Inc,Pop-ups,Expensive,"",6:38,20:56,4,true
400,"Bosco, Greenholt and Roob",Food Truck,Medium,Upper East Side,7:59,18:34,1,true
401,"Hudson, Cormier and Moore",Buffet,Medium,Soho,10:34,22:42,0,false
402,Bailey LLC,Fast Food,Cheap,Upper East Side,9:21,18:13,0,true
403,"Frami, Marvin and Bogan",Fast Food,Expensive,Downtown,10:43,18:14,1,true
404,"Quigley, Schowalter and Gibson",Pop-ups,Expensive,Lower West Side,9:38,20:35,1,false
405,"Harris, Langosh and Fisher",Cafes,Medium,Soho,9:34,20:47,3,false
406,Wehner-Barton,Buffet,Expensive,Downtown,10:01,19:15,0,true
407,Nicolas Inc,Pop-ups,Medium,Midtown,9:14,18:33,2,false
408,"Purdy, Funk and Volkman",Fine Dining,Medium,Soho,7:31,21:46,3,false
409,Collins-Rutherford,Pop-ups,Medium,Soho,10:00,18:24,3,false
410,"Gibson, Beer and Stoltenberg",Cafes,Expensive,Uptown,10:10,18:15,3,true
411,"Greenholt, Boyer and Kreiger",Cafes,Expensive,"",10:41,19:21,1,false
412,Tillman-Rodriguez,Fine Dining,Medium,Midtown,10:58,20:35,5,false
413,"Schowalter, Keeling and Cruickshank",Buffet,Cheap,Downtown,8:36,19:51,2,true
414,"Raynor, Boyer and Trantow",Cafes,Cheap,Uptown,8:33,20:27,2,false
415,"O'Kon, MacGyver and Torphy",Fast Food,Medium,Uptown,8:38,22:39,4,false
416,"Bernier, Bosco and Brekke",Cafes,Expensive,Soho,7:22,22:42,0,false
417,Haley-Baumbach,Cafes,Cheap,Ktown,10:00,18:03,0,true
418,"Mills, Mayer and Ernser",Food Truck,Medium,Downtown,8:56,22:32,2,true
419,"Thompson, Wunsch and Klocko",Fine Dining,Medium,"",9:35,22:03,1,true
420,Haley-Green,Buffet,Medium,Lower East Side,6:50,22:11,5,false
421,Wisozk-Herman,Buffet,Expensive,Upper East Side,7:37,22:30,2,false
422,"Christiansen, Considine and Nienow",Fine Dining,Medium,"",7:17,19:06,3,false
423,Kirlin-King,Buffet,Cheap,"",6:59,22:29,2,false
424,"Labadie, Hane and Schowalter",Fast Food,Expensive,Lower East Side,6:23,21:29,5,false
425,"Hickle, Macejkovic and White",Fast Food,Cheap,Lower East Side,6:50,18:46,0,true
426,"Walker, Douglas and Deckow",Pop-ups,Expensive,Downtown,7:09,21:57,1,true
427,Schoen and Sons,Fast Food,Medium,Lower West Side,8:05,19:25,5,true
428,Upton-Mitchell,Buffet,Cheap,"",6:22,19:09,0,true
429,Conroy and Sons,Fine Dining,Expensive,"",9:01,19:21,1,false
430,Gorczany and Sons,Food Truck,Expensive,Soho,9:42,20:16,0,false
431,"Lebsack, Walter and Nolan",Fine Dining,Medium,Upper East Side,9:36,18:51,4,false
432,"Reichel, Kris and McClure",Cafes,Medium,Lower East Side,8:04,22:44,3,false
433,"Hammes, Ward and Stehr",Pop-ups,Expensive,Uptown,7:47,20:03,4,true
434,Reilly-Hickle,Fine Dining,Cheap,Uptown,7:47,19:16,5,false
435,Anderson Group,Pop-ups,Medium,Upper West Side,7:26,21:06,5,true
436,Spencer Group,Pop-ups,Expensive,Ktown,7:15,20:28,4,true
437,"Schroeder, Friesen and Abshire",Buffet,Expensive,Chinatown,10:14,20:43,5,true
438,Leuschke-Runolfsson,Cafes,Cheap,Midtown,7:02,19:36,2,false
439,"Balistreri, Kassulke and Fisher",Buffet,Expensive,"",6:20,18:54,3,false
440,Hilll-Crooks,Pop-ups,Medium,Chinatown,9:55,19:02,5,false
441,Kshlerin Group,Buffet,Expensive,"",7:10,22:36,2,false
442,"Upton, Goodwin and Barrows",Food Truck,Expensive,Uptown,7:26,19:07,3,true
443,"Lowe, Kohler and Wolf",Food Truck,Cheap,Soho,7:08,18:15,3,true
444,Block LLC,Food Truck,Expensive,Lower East Side,8:40,19:17,0,true
445,"Rath, Sanford and Hartmann",Pop-ups,Expensive,Upper West Side,7:55,19:54,5,false
446,"Abernathy, Dooley and Kassulke",Buffet,Expensive,Uptown,7:26,22:03,4,true
447,"Johnston, Powlowski and Runolfsdottir",Fast Food,Cheap,Ktown,10:27,19:05,2,true
448,Larson Inc,Buffet,Cheap,Ktown,10:52,22:36,4,true
449,"Lakin, Hilpert and Miller",Pop-ups,Cheap,Lower West Side,10:57,22:03,5,true
450,"Sipes, Mayer and Kunze",Fast Food,Cheap,Upper East Side,10:21,19:37,2,false
451,"Adams, Turner and Crist",Buffet,Medium,Ktown,6:43,22:39,4,false
452,Luettgen-Turner,Pop-ups,Medium,"",7:06,19:09,2,false
453,"Oberbrunner, Beatty and Nolan",Fine Dining,Expensive,Uptown,9:26,22:50,3,true
454,Spencer-Dach,Buffet,Medium,Ktown,7:25,20:46,1,true
455,Fahey-Yost,Cafes,Cheap,Chinatown,10:55,21:25,0,true
456,Bernier Inc,Cafes,Cheap,Soho,9:31,22:55,0,false
457,Herman-Raynor,Cafes,Medium,Midtown,10:30,20:02,5,true
458,"Trantow, Schmidt and Wilderman",Fine Dining,Medium,"",10:32,20:04,3,false
459,"Mohr, Larkin and Olson",Fast Food,Medium,Downtown,6:01,21:29,3,true
460,Abernathy-Gerlach,Buffet,Expensive,"",10:06,19:35,0,false
461,Kling Group,Buffet,Medium,Lower West Side,7:18,20:39,5,true
462,"Herman, Fadel and Cummings",Buffet,Medium,Midtown,8:13,19:14,5,false
463,"Boehm, Larson and Kuhn",Pop-ups,Expensive,Downtown,6:22,22:06,5,true
464,"Thiel, Nolan and Dach",Buffet,Medium,Lower East Side,6:06,20:04,3,false
465,"Boehm, Lakin and Keebler",Pop-ups,Cheap,Ktown,10:39,22:20,0,false
466,"Osinski, Cummings and Senger",Cafes,Medium,Downtown,9:42,20:04,1,true
467,Hintz Group,Fine Dining,Medium,"",10:18,22:43,3,false
468,"Runte, Rempel and Osinski",Buffet,Medium,Uptown,9:36,22:16,0,false
469,"Larson, Rowe and Rippin",Buffet,Expensive,Lower West Side,7:08,19:05,0,true
470,White Inc,Fast Food,Expensive,Midtown,8:24,22:00,0,true
471,"Bogan, Koepp and Raynor",Pop-ups,Cheap,Midtown,10:24,19:44,4,false
472,Donnelly and Sons,Pop-ups,Expensive,Soho,10:00,22:47,4,true
473,"Schiller, Yost and Maggio",Fine Dining,Expensive,Soho,8:54,20:00,3,false
474,Christiansen and Sons,Buffet,Expensive,Lower West Side,9:37,19:47,0,true
475,"Nitzsche, Leffler and Reinger",Fast Food,Cheap,Uptown,6:32,20:35,0,true
476,"Simonis, Walsh and Reichel",Cafes,Medium,Upper West Side,8:57,20:27,0,true
477,"Goodwin, Bailey and Schoen",Fine Dining,Expensive,Upper East Side,8:25,20:30,0,true
478,Cronin Inc,Fast Food,Medium,Soho,7:00,22:44,5,true
479,"Kuvalis, Satterfield and Kris",Cafes,Expensive,Ktown,7:27,20:29,3,true
480,"Gibson, Wuckert and Bashirian",Fast Food,Expensive,Midtown,8:40,20:09,1,true
481,"Reinger, Kling and Cronin",Food Truck,Cheap,"",8:16,18:42,2,false
482,"Schowalter, Rath and Bernhard",Fast Food,Medium,Downtown,6:00,19:41,2,true
483,Stark Inc,Fast Food,Cheap,Uptown,9:36,21:13,1,true
484,"Bechtelar, Okuneva and Huels",Fast Food,Medium,Downtown,7:25,22:05,1,true
485,"Quigley, Bahringer and Hauck",Fine Dining,Cheap,Chinatown,7:38,19:11,4,false
486,Dooley-McKenzie,Fine Dining,Cheap,Chinatown,6:56,20:44,3,true
487,Predovic LLC,Cafes,Medium,Downtown,7:11,18:33,3,true
488,Windler-Adams,Fast Food,Medium,Downtown,10:29,21:57,4,false
489,Dicki-Hilll,Fast Food,Medium,Midtown,6:01,18:51,1,true
490,Koelpin and Sons,Food Truck,Cheap,Upper East Side,9:54,21:11,0,true
491,Cormier LLC,Fast Food,Medium,Chinatown,9:34,20:36,5,true
492,D'Amore and Sons,Pop-ups,Cheap,Upper East Side,10:59,19:58,2,true
493,Ferry-Schaden,Cafes,Medium,Ktown,7:55,19:37,5,false
494,"McCullough, Grady and Weber",Fine Dining,Medium,Lower West Side,10:12,20:45,5,true
495,Bode and Sons,Food Truck,Expensive,"",7:38,22:03,5,false
496,"Johnson, Zemlak and Jaskolski",Fine Dining,Cheap,Midtown,10:41,18:17,1,true
497,"Dibbert, McLaughlin and Huel",Fine Dining,Cheap,Ktown,8:43,20:57,4,true
498,Kautzer Inc,Food Truck,Medium,Soho,10:46,18:25,1,false
499,Gerlach LLC,Fine Dining,Cheap,Uptown,10:55,18:57,3,false
500,"Wisoky, Pacocha and Rempel",Fine Dining,Expensive,Ktown,6:17,18:26,4,false
501,Swaniawski-Nitzsche,Cafes,Medium,Soho,7:06,19:35,5,false
502,McKenzie Group,Cafes,Medium,Uptown,6:01,22:25,3,true
503,"Huel, Stark and McLaughlin",Fast Food,Cheap,Ktown,9:08,22:04,4,true
504,"Waters, Little and Wolff",Fast Food,Expensive,Lower East Side,7:58,21:15,2,true
505,Gleichner Inc,Fine Dining,Cheap,Lower West Side,9:34,21:59,0,false
506,Doyle LLC,Buffet,Cheap,Lower East Side,10:38,21:05,0,true
507,Kshlerin LLC,Cafes,Medium,Ktown,6:42,21:34,1,false
508,Corwin and Sons,Pop-ups,Cheap,Soho,7:58,20:25,5,false
509,"Murazik, Goodwin and Buckridge",Food Truck,Medium,Midtown,6:45,21:14,3,false
510,Donnelly-Bogisich,Cafes,Cheap,Chinatown,7:33,21:55,4,true
511,Lowe Inc,Buffet,Expensive,Upper East Side,6:05,18:35,5,true
512,Dicki and Sons,Buffet,Medium,Downtown,8:55,21:02,1,false
513,Heaney Inc,Pop-ups,Medium,Lower West Side,10:32,18:12,2,true
514,Feeney LLC,Food Truck,Medium,"",6:02,18:19,5,true
515,Kohler Inc,Fine Dining,Medium,Soho,6:44,21:23,1,false
516,"Schinner, Rosenbaum and Reynolds",Fine Dining,Cheap,Uptown,8:13,18:26,4,true
517,Kreiger and Sons,Pop-ups,Expensive,Chinatown,7:56,21:19,3,true
518,Schuster Group,Cafes,Expensive,Chinatown,9:45,19:10,5,true
519,Schoen and Sons,Food Truck,Expensive,Downtown,6:10,19:56,3,false
520,"Jakubowski, Turner and Schulist",Buffet,Cheap,Lower West Side,7:50,20:38,4,false
521,"Bartell, Connelly and Lakin",Food Truck,Expensive,Upper West Side,6:18,20:31,2,false
522,Parker Group,Fast Food,Cheap,Lower West Side,9:34,22:20,1,true
523,"Will, Wyman and Morissette",Fast Food,Cheap,Ktown,9:40,21:05,0,false
524,Hane LLC,Fine Dining,Cheap,Lower West Side,9:54,18:26,4,true
525,Ullrich-Lubowitz,Pop-ups,Medium,Lower West Side,8:19,20:58,1,true
526,Ratke-Feeney,Cafes,Expensive,Chinatown,7:47,22:28,4,false
527,Pouros-Stokes,Fast Food,Expensive,Downtown,7:43,19:02,3,false
528,Ziemann-Bartoletti,Buffet,Expensive,Uptown,7:17,22:09,1,false
529,Maggio-Miller,Fine Dining,Medium,"",6:58,20:46,0,true
530,Lind-Murphy,Food Truck,Expensive,Lower West Side,6:37,21:58,3,false
531,Jerde-Crooks,Food Truck,Expensive,Upper West Side,6:23,20:05,3,true
532,"Daugherty, Murazik and Bode",Cafes,Expensive,Upper East Side,9:10,18:11,3,true
533,Torphy Inc,Food Truck,Medium,Soho,6:53,21:48,0,true
534,Lindgren LLC,Fine Dining,Cheap,Upper East Side,7:28,22:40,5,false
535,Veum Inc,Fine Dining,Cheap,Upper East Side,6:41,20:06,0,false
536,Nikolaus LLC,Fine Dining,Cheap,"",7:22,21:15,0,false
537,Morar Group,Fast Food,Expensive,Downtown,7:20,18:07,2,false
538,Becker-Romaguera,Food Truck,Expensive,Lower West Side,8:38,18:59,0,true
539,Spinka-Towne,Pop-ups,Medium,Ktown,8:01,18:43,1,false
540,Cummerata-Krajcik,Cafes,Cheap,Lower East Side,10:22,22:56,2,false
541,Weimann-Johnston,Food Truck,Expensive,Midtown,10:06,22:34,5,false
542,"Barrows, Kilback and Ullrich",Cafes,Medium,Lower West Side,8:08,21:18,5,true
543,"Leannon, Dickinson and Schultz",Pop-ups,Medium,Upper West Side,10:07,21:59,1,true
544,Terry Group,Pop-ups,Cheap,Upper West Side,7:09,20:20,4,true
545,Ernser-Cartwright,Buffet,Cheap,Upper East Side,8:20,20:07,1,false
546,Smith LLC,Fine Dining,Expensive,"",10:00,19:35,3,true
547,Daniel-Parker,Cafes,Expensive,"",8:17,21:11,5,false
548,"Gusikowski, Pagac and Jerde",Fine Dining,Medium,Downtown,8:05,22:12,2,false
549,Abbott-Quigley,Fine Dining,Expensive,Upper West Side,6:37,18:20,5,true
550,"D'Amore, Jenkins and Murphy",Cafes,Cheap,"",9:25,18:26,4,false
551,"D'Amore, O'Conner and Cremin",Pop-ups,Medium,Ktown,7:49,19:58,1,false
552,Franecki-Bogisich,Cafes,Cheap,Upper East Side,9:51,18:10,3,false
553,Lockman-Sauer,Food Truck,Medium,"",9:07,19:57,4,true
554,Sanford-Klein,Buffet,Expensive,Upper West Side,6:53,19:39,0,true
555,Buckridge-Stokes,Cafes,Medium,Upper West Side,9:41,18:48,1,false
556,"Schmitt, Goodwin and Klein",Fast Food,Cheap,Upper East Side,7:22,19:24,3,false
557,"Jacobi, Schaden and Schultz",Food Truck,Cheap,Midtown,10:29,19:28,3,true
558,"Mills, Heathcote and Rau",Pop-ups,Medium,"",6:59,22:37,2,false
559,"Hintz, Lehner and Deckow",Fast Food,Cheap,Uptown,6:22,22:52,5,true
560,"Upton, Johnston and Stanton",Fine Dining,Medium,Uptown,7:18,20:33,2,true
561,Russel-Jaskolski,Pop-ups,Expensive,Lower East Side,7:20,22:01,1,true
562,"Bergnaum, Kemmer and Haag",Food Truck,Expensive,Downtown,8:38,19:59,4,true
563,O'Conner LLC,Food Truck,Medium,Upper East Side,10:00,18:07,3,false
564,McKenzie-Kshlerin,Fast Food,Medium,Downtown,6:00,18:51,1,true
565,"Schulist, Schneider and Toy",Food Truck,Expensive,Lower East Side,7:58,21:17,3,false
566,Fahey-Brown,Cafes,Expensive,Ktown,10:38,18:58,4,true
567,Bashirian LLC,Fast Food,Cheap,Lower East Side,6:45,21:14,1,false
568,Koelpin-Hyatt,Fine Dining,Cheap,Lower East Side,10:43,20:18,4,true
569,Okuneva Group,Food Truck,Medium,Soho,8:02,19:59,3,false
570,Parisian LLC,Fast Food,Medium,Uptown,8:01,19:43,0,true
571,"Jacobi, Leannon and Crist",Fine Dining,Cheap,Upper West Side,10:51,22:02,4,true
572,Bahringer LLC,Pop-ups,Medium,Upper West Side,9:07,19:27,4,true
573,Watsica LLC,Cafes,Cheap,"",9:33,22:31,3,true
574,Gerhold and Sons,Fast Food,Expensive,Upper East Side,8:25,21:04,2,false
575,"Renner, Gleason and Purdy",Buffet,Medium,Lower East Side,10:52,19:21,4,true
576,"Koepp, Farrell and Baumbach",Food Truck,Cheap,Lower East Side,7:24,20:57,3,false
577,White Inc,Pop-ups,Cheap,Soho,10:54,19:57,4,false
578,"Jerde, Powlowski and Wehner",Buffet,Medium,"",6:59,21:50,3,true
579,Daugherty-Roob,Cafes,Expensive,Midtown,7:09,21:53,4,false
580,"Huel, Hauck and Russel",Fast Food,Cheap,Midtown,8:05,21:48,1,false
581,"Trantow, O'Hara and Boyer",Fine Dining,Cheap,Chinatown,8:31,18:52,1,true
582,Rice-Nader,Food Truck,Expensive,Uptown,7:56,20:53,0,false
583,Ritchie-Bosco,Fast Food,Expensive,Upper West Side,7:23,20:53,0,false
584,"Stehr, McGlynn and Quitzon",Fast Food,Expensive,Midtown,10:15,19:56,3,true
585,Graham-Willms,Food Truck,Expensive,Lower West Side,9:23,18:23,0,false
586,Bruen and Sons,Cafes,Cheap,Upper East Side,8:50,20:26,1,true
587,Hintz and Sons,Fast Food,Cheap,Midtown,9:26,20:42,3,true
588,"Hansen, Ritchie and Turcotte",Fast Food,Cheap,Ktown,6:14,22:27,1,true
589,Schmeler-Wiza,Fast Food,Expensive,Upper West Side,9:05,21:29,2,true
590,Schinner Inc,Cafes,Cheap,"",10:47,22:05,1,false
591,"Schmitt, Jaskolski and O'Hara",Fine Dining,Cheap,Soho,7:44,18:22,2,false
592,"Torp, Watsica and Bernier",Food Truck,Expensive,Midtown,8:10,18:52,3,false
593,"Kertzmann, Bartoletti and Batz",Food Truck,Cheap,Midtown,10:44,22:28,1,false
594,"Dach, Cummings and Rempel",Fine Dining,Medium,Ktown,10:02,19:33,1,true
595,Russel and Sons,Fine Dining,Medium,Ktown,10:44,21:57,2,false
596,"Cole, Jacobson and Ziemann",Fast Food,Medium,Midtown,6:53,22:49,0,true
597,Beahan Group,Fast Food,Expensive,Chinatown,10:29,21:04,2,false
598,"Beier, Bogisich and Ratke",Cafes,Cheap,Uptown,9:53,22:46,4,true
599,"Bernier, Johnson and Bartell",Fine Dining,Expensive,Upper West Side,8:35,19:46,3,false
600,Collins-Ward,Cafes,Medium,Upper East Side,7:48,22:57,4,true
601,McLaughlin Group,Food Truck,Cheap,Chinatown,7:43,20:28,4,false
602,Streich-Muller,Food Truck,Medium,Upper East Side,9:17,18:57,0,true
603,Kunde Group,Pop-ups,Medium,Ktown,6:25,18:17,3,false
604,"Herzog, Bergnaum and Boyer",Fine Dining,Expensive,Upper East Side,6:45,19:50,4,true
605,Murray-Buckridge,Pop-ups,Expensive,Soho,6:35,22:51,2,false
606,Gibson Inc,Fast Food,Expensive,Midtown,8:56,18:38,3,true
607,"Halvorson, King and Corkery",Fast Food,Cheap,Soho,8:50,22:59,0,true
608,"Goldner, Kutch and Beatty",Cafes,Cheap,Downtown,9:40,22:49,2,false
609,"Sanford, Reilly and Conn",Fast Food,Expensive,Midtown,6:58,21:31,0,true
610,"Vandervort, Durgan and Weimann",Fast Food,Medium,Lower East Side,9:44,21:45,3,false
611,Wolf LLC,Cafes,Cheap,Midtown,8:06,19:10,1,true
612,"Cole, Bahringer and Bergstrom",Fine Dining,Cheap,Chinatown,7:42,22:39,4,false
613,Schmidt-Jenkins,Buffet,Medium,Lower East Side,8:56,20:51,5,true
614,"Schumm, Harvey and Ruecker",Buffet,Cheap,Ktown,7:52,18:53,2,true
615,"Tillman, Bechtelar and Price",Food Truck,Medium,Soho,7:39,19:58,4,false
616,Pouros-Heller,Buffet,Medium,Midtown,6:40,19:42,2,true
617,Pfannerstill and Sons,Food Truck,Cheap,Upper West Side,10:11,22:06,4,true
618,"Hamill, Botsford and Brown",Buffet,Expensive,Lower East Side,10:56,22:34,2,true
619,Ryan-Conn,Buffet,Cheap,Downtown,9:24,21:36,1,false
620,"Hodkiewicz, Schaefer and Wolff",Fine Dining,Cheap,Soho,7:10,22:35,4,true
621,Wunsch-Stoltenberg,Fast Food,Medium,Soho,7:09,19:48,0,false
622,"Zulauf, Bechtelar and Stanton",Buffet,Expensive,Soho,9:28,18:54,5,true
623,Abernathy-Gorczany,Food Truck,Expensive,Ktown,10:28,22:39,3,false
624,"Mayert, Jerde and Reynolds",Fine Dining,Medium,Soho,6:49,19:04,2,false
625,Kunze-Sporer,Fine Dining,Expensive,Downtown,6:43,18:54,0,false
626,Lindgren Group,Fast Food,Medium,Soho,6:52,21:11,5,true
627,Klocko and Sons,Fine Dining,Expensive,Upper West Side,6:24,19:43,1,true
628,Mueller-Hermann,Fast Food,Cheap,Uptown,8:44,21:42,1,true
629,Larkin Inc,Fine Dining,Medium,Uptown,7:08,21:24,0,false
630,Fahey-Gottlieb,Fast Food,Medium,Midtown,9:48,20:55,3,true
631,O'Kon Inc,Cafes,Cheap,Upper West Side,9:18,19:22,3,false
632,Trantow Inc,Fast Food,Medium,"",6:59,22:15,0,false
633,Spinka-Walsh,Fast Food,Medium,Ktown,9:59,20:22,3,true
634,Gislason-Daugherty,Fine Dining,Expensive,Ktown,10:13,22:18,0,true
635,Davis Inc,Buffet,Expensive,Upper East Side,10:41,19:39,2,true
636,Zboncak LLC,Fine Dining,Medium,Upper West Side,7:18,19:14,3,false
637,Jaskolski and Sons,Pop-ups,Expensive,Upper East Side,8:44,20:57,2,true
638,"Stiedemann, Wilderman and Bradtke",Fine Dining,Medium,Downtown,10:38,22:35,2,true
639,Ondricka-Rowe,Buffet,Medium,Downtown,8:23,20:53,4,true
640,Thiel Inc,Food Truck,Cheap,Upper East Side,7:00,20:45,3,true
641,Buckridge-Glover,Fine Dining,Cheap,Soho,8:29,20:58,3,true
642,Leuschke and Sons,Food Truck,Cheap,Upper East Side,6:54,22:19,5,false
643,Watsica LLC,Food Truck,Medium,Upper East Side,9:38,22:23,0,true
644,Schiller Inc,Fine Dining,Expensive,Upper East Side,7:36,20:56,4,false
645,Labadie-Bartell,Food Truck,Cheap,Soho,6:08,20:38,2,false
646,Heidenreich-Zemlak,Pop-ups,Cheap,Downtown,6:53,20:16,1,false
647,Kihn LLC,Fine Dining,Expensive,Uptown,6:02,18:17,3,false
648,Ryan Group,Fine Dining,Expensive,Chinatown,10:08,18:52,2,false
649,"Collins, Tremblay and Turner",Fast Food,Cheap,Downtown,7:26,20:12,2,false
650,Wunsch Group,Fine Dining,Expensive,Soho,9:39,19:29,1,true
651,Lang-Becker,Buffet,Expensive,Upper West Side,10:27,18:31,0,true
652,Glover-Wunsch,Fine Dining,Medium,Lower West Side,7:50,20:28,3,true
653,Harvey-Schuster,Buffet,Expensive,Downtown,7:04,20:41,5,false
654,"Stark, Kilback and Jenkins",Pop-ups,Cheap,"",8:15,22:48,2,true
655,"Baumbach, Murray and Gulgowski",Food Truck,Medium,Midtown,10:17,18:35,5,false
656,Upton and Sons,Buffet,Medium,Upper West Side,7:39,20:00,4,false
657,Strosin Inc,Food Truck,Medium,Lower West Side,10:54,18:05,1,false
658,"Stroman, Ankunding and Fay",Fast Food,Expensive,Upper West Side,9:04,22:58,0,false
659,"Morissette, Corwin and Roberts",Fast Food,Medium,Midtown,8:00,20:15,1,true
660,Borer-Stroman,Buffet,Medium,Chinatown,9:33,19:22,4,true
661,Will-Kunde,Buffet,Medium,Soho,9:02,18:54,0,true
662,"Beahan, Reichert and Mertz",Fine Dining,Cheap,Lower West Side,8:14,21:23,2,false
663,Schimmel LLC,Cafes,Medium,"",10:32,18:09,3,true
664,"Cremin, Considine and Leffler",Fine Dining,Medium,Downtown,7:28,22:23,1,true
665,Schowalter-Hagenes,Fast Food,Cheap,Upper West Side,7:22,21:12,4,true
666,"Leuschke, Williamson and Monahan",Pop-ups,Medium,Ktown,6:56,19:33,4,false
667,"Beier, Schumm and Zieme",Cafes,Expensive,Upper West Side,10:38,20:38,1,true
668,Ondricka-Rutherford,Food Truck,Cheap,"",9:22,22:48,1,false
669,"Treutel, Lemke and Streich",Food Truck,Expensive,Upper West Side,7:21,18:01,0,true
670,Orn-Nader,Cafes,Expensive,Lower West Side,7:18,21:51,0,false
671,"Robel, Auer and Schmeler",Fast Food,Expensive,"",6:54,20:16,3,false
672,Hudson-Leffler,Buffet,Cheap,Upper East Side,9:13,22:10,1,true
673,Bartell-Considine,Pop-ups,Cheap,Lower West Side,9:17,21:37,4,false
674,Kuhlman-Lind,Pop-ups,Cheap,Ktown,10:47,21:37,3,true
675,Shields-Kulas,Buffet,Expensive,"",8:17,21:49,3,false
676,Blanda and Sons,Pop-ups,Medium,Ktown,8:45,18:32,1,false
677,Donnelly-Wyman,Cafes,Cheap,"",9:22,22:34,5,true
678,"Dach, Hagenes and Lind",Cafes,Cheap,Lower West Side,7:27,20:17,0,false
679,"Bosco, Dibbert and Osinski",Buffet,Medium,Upper West Side,10:53,18:36,5,true
680,"Barrows, Parker and Kirlin",Food Truck,Expensive,Ktown,9:54,22:22,0,true
681,Durgan-Leannon,Fast Food,Expensive,Chinatown,7:56,22:12,5,false
682,"Hoeger, Gulgowski and Baumbach",Pop-ups,Expensive,Upper West Side,9:06,20:25,0,false
683,Bartoletti Inc,Fine Dining,Expensive,Midtown,9:36,20:54,3,false
684,Blanda-Bergstrom,Fast Food,Expensive,Uptown,10:04,22:50,1,false
685,"Hermann, Heller and Halvorson",Food Truck,Cheap,Lower East Side,8:30,22:40,4,false
686,Grady-Bayer,Fast Food,Medium,Soho,9:01,19:33,3,true
687,Kirlin Group,Cafes,Cheap,Upper East Side,8:49,20:17,2,false
688,"Wisozk, Dibbert and Bosco",Buffet,Medium,"",8:35,22:10,4,false
689,Feest-Hoeger,Pop-ups,Medium,Lower West Side,9:16,20:22,3,true
690,Beer Group,Buffet,Expensive,Uptown,10:47,19:59,2,false
691,"Nikolaus, Jacobs and Mills",Fast Food,Medium,Downtown,7:19,21:43,1,false
692,Swift-Effertz,Fine Dining,Medium,Ktown,8:32,21:49,1,false
693,Mante-Bergnaum,Cafes,Expensive,Downtown,10:04,20:21,2,true
694,"Lindgren, Reichel and Yost",Food Truck,Cheap,Midtown,6:08,22:57,4,false
695,"Hackett, Haley and Wilkinson",Fine Dining,Cheap,Lower West Side,10:58,22:26,5,true
696,McGlynn-Okuneva,Fine Dining,Cheap,Ktown,9:57,22:16,0,false
697,"Marvin, Blanda and Stamm",Buffet,Expensive,Soho,8:39,19:14,2,false
698,"Wisozk, Carroll and McDermott",Food Truck,Expensive,Upper West Side,10:41,21:05,4,true
699,Lubowitz-West,Buffet,Expensive,Ktown,7:28,19:22,3,true
700,"Pouros, Bechtelar and Watsica",Pop-ups,Expensive,Ktown,10:04,22:42,2,false
701,Carter and Sons,Fast Food,Medium,Upper East Side,7:39,18:25,4,false
702,Funk Inc,Fast Food,Medium,Chinatown,7:04,19:10,4,true
703,"Feeney, Fahey and Ankunding",Cafes,Cheap,Midtown,7:00,22:58,4,false
704,Feeney Inc,Buffet,Expensive,Midtown,10:39,18:57,0,false
705,Wilkinson and Sons,Pop-ups,Expensive,Chinatown,9:56,19:02,4,false
706,"Stroman, Kuphal and Yundt",Food Truck,Medium,Ktown,8:05,19:18,4,true
707,"Konopelski, Stoltenberg and Becker",Buffet,Medium,Midtown,7:35,20:23,5,false
708,Dooley-Kohler,Fast Food,Cheap,Soho,8:57,18:22,0,false
709,"Langworth, Kemmer and Olson",Fine Dining,Expensive,Soho,6:29,22:52,1,true
710,"Barton, Von and Conroy",Pop-ups,Medium,Upper East Side,10:08,19:16,0,true
711,Beer-Kemmer,Fast Food,Medium,"",8:35,20:42,5,true
712,Bogan-Macejkovic,Fast Food,Expensive,Downtown,8:35,20:12,2,false
713,Hammes-Gleason,Cafes,Cheap,Chinatown,8:51,22:22,1,true
714,Blanda-Jones,Buffet,Medium,Lower West Side,8:24,19:31,4,true
715,"Bergnaum, Welch and Shanahan",Fine Dining,Cheap,Upper East Side,10:17,21:59,4,true
716,Weissnat-Murray,Buffet,Cheap,Downtown,6:05,18:41,0,true
717,Lowe-Wiza,Pop-ups,Medium,Downtown,6:20,19:50,5,false
718,Witting-Torphy,Pop-ups,Expensive,Upper West Side,9:34,22:51,0,false
719,"Hermann, O'Kon and Krajcik",Fast Food,Expensive,Midtown,9:58,20:46,5,false
720,Doyle-Rosenbaum,Buffet,Medium,Uptown,6:34,20:34,1,false
721,Krajcik Group,Fine Dining,Expensive,Chinatown,9:17,21:24,1,true
722,"Kutch, Trantow and Grady",Pop-ups,Cheap,Midtown,6:31,18:18,3,true
723,Hahn-Reynolds,Food Truck,Cheap,Soho,9:19,20:20,1,false
724,Towne Inc,Pop-ups,Cheap,Lower West Side,6:22,21:23,0,true
725,O'Connell-Mosciski,Fast Food,Medium,Chinatown,6:14,22:10,3,true
726,"Schiller, Connelly and Farrell",Food Truck,Expensive,Chinatown,6:12,18:45,2,false
727,Prohaska-Johnston,Buffet,Expensive,Lower West Side,10:03,21:12,3,false
728,"Rosenbaum, Murray and Hills",Buffet,Medium,Chinatown,7:20,18:11,4,true
729,Stokes-Walsh,Fast Food,Expensive,"",8:20,22:01,5,false
730,Tremblay and Sons,Fine Dining,Medium,Upper East Side,7:51,22:35,3,true
731,"Denesik, Hyatt and Schmidt",Buffet,Cheap,Soho,7:22,20:37,0,true
732,Willms LLC,Cafes,Cheap,Upper West Side,10:59,18:39,4,false
733,"Borer, Mitchell and Kautzer",Pop-ups,Cheap,Midtown,7:22,22:23,4,true
734,"Parker, Casper and Hermann",Cafes,Expensive,Uptown,6:17,20:08,0,false
735,Kulas Group,Buffet,Cheap,"",7:03,21:45,2,false
736,"Hessel, Cummings and Durgan",Buffet,Medium,"",9:12,21:32,3,true
737,Ortiz Group,Fine Dining,Medium,Downtown,8:09,20:04,0,false
738,Willms-MacGyver,Cafes,Cheap,Ktown,7:17,19:03,4,false
739,"Kunze, Bins and Paucek",Buffet,Expensive,Midtown,9:45,22:17,0,true
740,Ritchie-Pollich,Buffet,Expensive,Midtown,9:38,21:24,0,true
741,"Wyman, Hettinger and Dibbert",Buffet,Medium,Upper West Side,9:52,21:29,2,false
742,Marvin-Wunsch,Food Truck,Medium,Upper East Side,8:06,22:58,0,true
743,Feil-Crist,Cafes,Medium,Ktown,6:35,22:45,0,true
744,"Upton, Dietrich and Sauer",Cafes,Expensive,Downtown,6:14,19:26,5,true
745,Torp-Swaniawski,Buffet,Medium,Downtown,6:40,21:57,2,false
746,Hodkiewicz and Sons,Buffet,Medium,Soho,9:14,20:34,3,false
747,Weissnat-Harris,Fine Dining,Cheap,Soho,6:22,19:37,1,true
748,"Connelly, McKenzie and Upton",Pop-ups,Expensive,Ktown,9:16,20:25,5,true
749,"Corkery, Hermiston and Grant",Fast Food,Cheap,Lower West Side,8:36,22:50,0,false
750,Koss-Gutkowski,Cafes,Expensive,Uptown,9:00,20:15,1,true
751,Orn LLC,Buffet,Medium,Ktown,7:50,18:57,0,true
752,"Lynch, Ferry and Kihn",Food Truck,Expensive,Downtown,6:17,22:15,0,true
753,"Schoen, Jacobi and Tromp",Cafes,Expensive,Lower East Side,6:33,19:04,4,false
754,Frami and Sons,Fast Food,Expensive,Lower West Side,9:34,19:19,1,true
755,"Hettinger, Haag and Beier",Fine Dining,Expensive,Midtown,7:54,19:27,4,true
756,Wolf-Considine,Pop-ups,Expensive,Midtown,10:44,18:22,3,true
757,"Ernser, Jerde and Wisozk",Buffet,Expensive,Lower East Side,10:48,21:17,4,true
758,"Bahringer, Lubowitz and Strosin",Fine Dining,Cheap,Downtown,8:32,18:15,0,true
759,Okuneva Group,Buffet,Medium,Soho,7:47,18:49,2,true
760,"Hettinger, Morar and Funk",Food Truck,Medium,Upper West Side,6:34,19:34,5,false
761,Walter-Kuhn,Fast Food,Cheap,Uptown,10:15,21:31,3,true
762,Prosacco-Ortiz,Fine Dining,Medium,Downtown,9:08,18:11,0,true
763,Doyle LLC,Fine Dining,Medium,"",9:01,18:07,1,false
764,Kreiger-Kunze,Food Truck,Expensive,Uptown,10:34,19:00,1,true
765,Powlowski Inc,Fast Food,Medium,Upper East Side,7:13,19:50,1,false
766,Bradtke-Bosco,Fast Food,Expensive,Ktown,7:45,19:34,1,false
767,Hagenes Inc,Fine Dining,Medium,Uptown,7:02,22:44,4,false
768,Shanahan-Botsford,Fine Dining,Medium,Uptown,10:38,20:39,5,true
769,"Gorczany, Konopelski and Mann",Fast Food,Medium,Uptown,10:03,21:19,1,false
770,Dibbert LLC,Fast Food,Medium,Soho,7:27,18:43,0,false
771,Block-Stamm,Pop-ups,Cheap,Soho,9:36,19:03,0,true
772,Balistreri-Schmeler,Cafes,Medium,Lower East Side,9:48,22:45,3,true
773,Konopelski and Sons,Buffet,Expensive,Upper West Side,10:54,19:44,1,false
774,Treutel Group,Fast Food,Medium,"",8:58,22:26,4,true
775,"Dietrich, Cartwright and Krajcik",Buffet,Expensive,Downtown,10:33,19:57,4,true
776,Kuhlman Group,Cafes,Expensive,"",10:04,19:46,5,true
777,Kiehn-Keeling,Buffet,Medium,"",7:16,19:09,1,false
778,Dicki-O'Connell,Cafes,Medium,"",7:15,21:34,3,true
779,Hamill-Upton,Pop-ups,Expensive,Upper East Side,9:49,20:15,2,true
780,"Pfannerstill, Pfannerstill and Cronin",Buffet,Cheap,Upper West Side,7:18,20:27,1,true
781,Medhurst-Lubowitz,Food Truck,Expensive,Soho,10:23,20:58,2,false
782,Tremblay Group,Fine Dining,Cheap,Soho,7:06,19:24,2,false
783,Schimmel LLC,Cafes,Expensive,"",9:09,22:41,5,false
784,"Fay, Klein and Emmerich",Fine Dining,Medium,Lower West Side,9:03,22:35,3,false
785,Steuber Group,Fine Dining,Cheap,Chinatown,8:19,21:17,4,false
786,"Kuhlman, Gusikowski and Ankunding",Buffet,Medium,Lower West Side,8:11,18:57,5,false
787,Toy-West,Cafes,Cheap,Lower West Side,8:59,21:29,4,true
788,Huels-Bechtelar,Food Truck,Expensive,Upper West Side,6:52,22:33,5,false
789,Schultz and Sons,Fine Dining,Medium,Lower East Side,6:01,19:47,1,true
790,"Williamson, Rosenbaum and Rolfson",Fast Food,Medium,Uptown,6:27,18:47,5,true
791,"Lakin, Shanahan and Greenholt",Food Truck,Cheap,"",8:11,19:27,5,true
792,Hayes-Schaden,Buffet,Expensive,Downtown,9:13,18:27,0,true
793,"Parker, Roberts and Walker",Cafes,Expensive,Downtown,6:19,22:43,0,true
794,Abernathy and Sons,Buffet,Expensive,Uptown,6:24,21:00,4,false
795,Walker-Wyman,Food Truck,Expensive,Lower East Side,6:22,18:51,4,true
796,"Kemmer, Renner and Kuhn",Pop-ups,Cheap,Ktown,10:29,22:42,3,false
797,Powlowski and Sons,Fast Food,Medium,"",7:13,20:15,3,true
798,"Cremin, Bogisich and Mann",Fine Dining,Medium,Downtown,6:28,19:36,1,true
799,"Goyette, Jaskolski and Reichel",Fine Dining,Cheap,Uptown,6:07,21:27,2,false
800,Nikolaus-Moore,Buffet,Cheap,Upper West Side,9:01,18:26,2,true
801,Jerde Group,Food Truck,Medium,Ktown,10:03,22:44,3,true
802,Abbott LLC,Buffet,Medium,Downtown,7:57,20:55,5,false
803,"Schowalter, Brown and Kiehn",Fine Dining,Expensive,Lower West Side,6:03,21:44,1,true
804,"Bartell, Turcotte and Kozey",Pop-ups,Expensive,Midtown,8:24,20:55,0,true
805,Schamberger-Wisoky,Fine Dining,Expensive,Midtown,10:36,19:24,5,true
806,Smith-Bergstrom,Buffet,Cheap,"",6:08,18:31,1,false
807,"Miller, Herman and Klein",Buffet,Cheap,"",10:50,18:15,1,true
808,Renner and Sons,Cafes,Expensive,Lower West Side,6:44,18:08,3,false
809,Stehr-Kemmer,Pop-ups,Medium,Ktown,9:27,18:35,5,false
810,"Fisher, Kub and King",Food Truck,Expensive,Downtown,9:23,18:11,3,false
811,"Wisoky, Roberts and Kuhlman",Fine Dining,Expensive,"",7:01,21:35,4,false
812,Marks and Sons,Buffet,Expensive,Soho,8:42,18:20,5,false
813,Fritsch Inc,Buffet,Medium,Soho,8:30,19:18,4,true
814,Fisher-Stokes,Fine Dining,Expensive,Soho,9:17,21:34,5,false
815,"Brakus, O'Keefe and Williamson",Pop-ups,Cheap,Uptown,9:16,20:07,4,false
816,Borer-Yost,Fast Food,Medium,Soho,7:13,19:56,2,false
817,Weimann Inc,Fast Food,Medium,Ktown,10:11,18:45,3,false
818,Armstrong Inc,Fine Dining,Cheap,Upper East Side,7:56,20:49,4,true
819,Huel-Harber,Buffet,Cheap,Lower West Side,7:15,19:15,0,true
820,Russel Group,Cafes,Expensive,Upper West Side,8:53,18:09,3,true
821,Zboncak Inc,Food Truck,Cheap,Soho,9:48,22:53,2,false
822,Christiansen-Kub,Fine Dining,Expensive,Chinatown,7:21,18:42,4,true
823,"Zulauf, Skiles and Bruen",Buffet,Medium,Soho,8:17,22:01,2,true
824,Gusikowski-Gusikowski,Cafes,Medium,Soho,6:49,20:01,1,false
825,"Hyatt, Wiza and Hahn",Pop-ups,Cheap,Downtown,8:18,19:13,4,true
826,Ratke-Hackett,Fast Food,Expensive,Lower West Side,9:17,20:42,2,true
827,"Yundt, Botsford and Hammes",Food Truck,Expensive,Upper West Side,9:06,22:25,1,true
828,Pacocha-Considine,Pop-ups,Expensive,Soho,9:59,20:18,0,true
829,Jast-Ledner,Buffet,Expensive,Downtown,8:59,18:02,0,true
830,"Goyette, Weber and Schmitt",Fine Dining,Expensive,Lower East Side,10:00,19:52,4,false
831,"Langosh, Walker and Tillman",Pop-ups,Expensive,Lower West Side,7:28,20:53,4,false
832,Stark-Okuneva,Pop-ups,Cheap,Uptown,6:47,22:18,5,true
833,Schinner-Bergnaum,Cafes,Medium,Lower West Side,6:32,22:27,5,false
834,Leffler LLC,Pop-ups,Expensive,Soho,8:59,21:41,3,false
835,Welch-Boehm,Cafes,Medium,Midtown,6:14,18:35,4,false
836,"Luettgen, Rosenbaum and Sporer",Buffet,Medium,Soho,8:40,22:26,5,true
837,Emard LLC,Pop-ups,Medium,Uptown,6:48,18:29,3,false
838,Gerlach-Swift,Food Truck,Expensive,"",7:52,21:18,5,true
839,MacGyver-Krajcik,Fast Food,Cheap,Downtown,8:23,18:55,5,false
840,Spencer-Grimes,Food Truck,Medium,Upper East Side,7:11,22:11,3,false
841,"Bartoletti, Koss and Bosco",Pop-ups,Medium,Uptown,10:01,21:57,2,true
842,Medhurst LLC,Pop-ups,Expensive,Uptown,6:05,19:25,2,true
843,"Goldner, Hand and Koss",Fast Food,Expensive,Chinatown,8:29,22:08,2,false
844,Gulgowski-Huels,Food Truck,Medium,Chinatown,7:15,22:28,3,true
845,"Ratke, Trantow and Cruickshank",Food Truck,Cheap,Lower East Side,10:52,19:37,5,true
846,Funk-Murray,Buffet,Cheap,Soho,9:51,22:05,4,false
847,"Bergstrom, Hyatt and Kutch",Fine Dining,Expensive,Midtown,9:23,20:46,3,true
848,Labadie LLC,Buffet,Medium,"",6:11,19:33,5,true
849,Beer Group,Cafes,Expensive,Uptown,6:46,18:27,3,true
850,Lang and Sons,Fine Dining,Expensive,Uptown,6:59,20:24,0,true
851,Zemlak-Gusikowski,Buffet,Medium,Midtown,10:49,22:31,2,false
852,"Dach, Bode and Barton",Buffet,Cheap,"",6:35,19:38,3,false
853,"Barton, Runolfsdottir and O'Connell",Buffet,Cheap,Upper East Side,6:10,20:11,1,false
854,Kling Inc,Food Truck,Medium,Lower West Side,8:03,21:04,1,true
855,Bauch LLC,Pop-ups,Medium,Lower East Side,9:05,20:09,4,false
856,Morar-Stamm,Fine Dining,Medium,Soho,9:16,20:20,1,true
857,"McCullough, Ritchie and Roob",Pop-ups,Medium,"",8:34,19:19,4,false
858,Crist-Wilderman,Fast Food,Medium,Uptown,9:21,18:46,4,false
859,"McLaughlin, Davis and Abernathy",Cafes,Cheap,Downtown,7:19,18:13,4,true
860,Glover and Sons,Food Truck,Medium,Upper West Side,6:00,22:48,4,true
861,"Heidenreich, Klocko and Kuhic",Fast Food,Cheap,Upper West Side,7:59,22:57,5,false
862,Steuber Inc,Fast Food,Medium,Ktown,6:07,18:42,4,false
863,Torp-Cruickshank,Fine Dining,Expensive,"",10:58,19:23,4,true
864,Hagenes-Jacobson,Fast Food,Expensive,Lower West Side,7:24,21:42,4,true
865,Abernathy LLC,Fine Dining,Expensive,Upper East Side,10:43,21:24,5,false
866,"Cormier, Goyette and Mills",Buffet,Cheap,Ktown,8:44,18:10,4,false
867,Kunde-Yundt,Pop-ups,Cheap,Soho,6:53,22:13,2,true
868,Thiel Group,Fine Dining,Expensive,Uptown,10:37,21:11,1,true
869,McCullough-Greenfelder,Fine Dining,Expensive,"",6:50,21:19,0,true
870,Moen-Predovic,Food Truck,Medium,Ktown,7:08,21:45,0,false
871,Robel-Reilly,Cafes,Expensive,"",9:19,19:37,4,false
872,"Upton, Herzog and Daniel",Fine Dining,Expensive,Soho,7:05,19:17,3,true
873,"Weber, Botsford and Witting",Cafes,Cheap,Soho,9:44,22:17,0,false
874,Dicki and Sons,Fast Food,Cheap,Midtown,10:56,22:43,0,false
875,O'Connell-Herzog,Food Truck,Medium,Lower East Side,6:40,19:22,3,true
876,Stehr-Oberbrunner,Buffet,Medium,Soho,8:50,20:38,0,true
877,"Zieme, Bins and Bashirian",Cafes,Cheap,Midtown,10:53,20:49,5,true
878,Skiles Group,Food Truck,Medium,"",7:19,18:02,5,false
879,Turcotte LLC,Pop-ups,Expensive,Midtown,9:13,21:41,3,true
880,Kulas Inc,Fine Dining,Expensive,Ktown,8:36,18:34,3,false
881,"Pfeffer, Bayer and Stanton",Buffet,Cheap,Lower East Side,7:44,21:07,3,true
882,Ferry-Gusikowski,Fast Food,Medium,Midtown,8:04,21:40,5,false
883,"Braun, Gleason and Reinger",Food Truck,Cheap,Lower East Side,7:40,22:09,2,true
884,Bergnaum and Sons,Pop-ups,Cheap,Upper East Side,6:43,20:57,4,false
885,Hills-Walsh,Pop-ups,Expensive,"",9:11,22:23,5,true
886,"Littel, Romaguera and Stracke",Fine Dining,Cheap,Lower East Side,7:41,21:59,5,false
887,"Bruen, Kassulke and Koss",Fine Dining,Expensive,"",8:10,18:38,0,false
888,Haley and Sons,Buffet,Medium,Upper East Side,9:44,20:12,5,true
889,Bernier-Dickinson,Food Truck,Cheap,Chinatown,10:02,20:39,5,false
890,Runolfsdottir-Hane,Pop-ups,Medium,"",8:31,19:25,0,true
891,Rutherford LLC,Cafes,Medium,Soho,6:56,20:44,0,false
892,Armstrong-Daniel,Fast Food,Medium,Upper East Side,6:02,21:06,5,false
893,"Goldner, Hahn and Fay",Food Truck,Medium,Ktown,10:48,22:37,3,true
894,Beahan-Ward,Cafes,Cheap,Upper West Side,6:20,22:55,2,false
895,"Aufderhar, Blanda and Schroeder",Pop-ups,Expensive,Chinatown,8:18,20:40,3,true
896,"Fadel, Bradtke and Durgan",Fine Dining,Cheap,Soho,8:35,21:00,1,true
897,Hackett-Boehm,Food Truck,Cheap,Downtown,9:45,20:34,2,true
898,"Bergstrom, Hoppe and Rutherford",Pop-ups,Expensive,Midtown,8:21,20:20,2,true
899,West-Feil,Buffet,Expensive,Chinatown,8:27,18:56,5,false
900,Marks Group,Cafes,Expensive,Lower West Side,7:09,19:35,5,false
901,"Greenfelder, Bartoletti and Aufderhar",Food Truck,Expensive,Uptown,10:33,18:03,5,true
902,Rice-Graham,Food Truck,Cheap,Soho,8:39,18:24,4,true
903,Hauck-Beahan,Food Truck,Medium,Upper West Side,10:26,18:44,5,true
904,"Marquardt, Corwin and Wunsch",Cafes,Expensive,Soho,8:32,20:37,5,false
905,Marvin and Sons,Buffet,Expensive,Lower East Side,7:05,21:59,1,false
906,Keebler-Kemmer,Fine Dining,Medium,Ktown,9:08,20:14,5,true
907,Lubowitz-Bartell,Fine Dining,Medium,Chinatown,9:20,19:33,5,false
908,"Green, Sawayn and Kilback",Cafes,Cheap,"",9:36,18:43,4,true
909,"Mitchell, Hyatt and Schamberger",Cafes,Medium,Uptown,9:37,20:13,5,true
910,Klein Group,Fine Dining,Cheap,"",8:27,18:19,3,true
911,"Jenkins, O'Connell and Stiedemann",Cafes,Expensive,Downtown,10:24,22:44,5,false
912,Braun Group,Buffet,Medium,"",10:47,19:38,0,false
913,Runolfsdottir LLC,Pop-ups,Expensive,Uptown,6:03,19:24,0,true
914,Christiansen-Quigley,Pop-ups,Cheap,Downtown,6:11,18:03,2,true
915,Hills and Sons,Fine Dining,Medium,Chinatown,6:01,19:45,3,false
916,Heaney-Bosco,Buffet,Medium,Midtown,10:28,21:11,1,true
917,Watsica-Tromp,Buffet,Cheap,Upper West Side,8:07,18:29,2,true
918,"Kohler, Zemlak and Skiles",Pop-ups,Cheap,Ktown,8:46,20:14,3,false
919,Beatty-Towne,Fine Dining,Expensive,Upper East Side,9:16,20:56,3,true
920,Mitchell-Schulist,Pop-ups,Medium,Downtown,9:43,22:33,5,true
921,Mosciski Inc,Buffet,Cheap,Lower West Side,9:11,20:47,0,false
922,"Bartoletti, Haley and Farrell",Fine Dining,Medium,Upper East Side,10:25,22:25,0,true
923,Glover-Beier,Food Truck,Expensive,Downtown,10:08,19:44,0,true
924,Brekke-Franecki,Pop-ups,Medium,Lower East Side,10:46,19:58,4,true
925,"Herzog, Kuhic and Harvey",Food Truck,Cheap,Uptown,7:07,18:04,3,false
926,"Spencer, Swift and Hirthe",Fine Dining,Medium,Downtown,6:19,20:59,4,false
927,"Jaskolski, Leannon and Parisian",Fine Dining,Medium,Upper West Side,10:19,22:47,1,true
928,Lakin-Fisher,Fast Food,Expensive,Upper East Side,6:11,21:00,4,false
929,Fay-McKenzie,Buffet,Expensive,Lower East Side,7:46,18:05,2,true
930,Lakin LLC,Fine Dining,Cheap,Chinatown,10:25,20:27,0,true
931,"Cole, Kozey and Oberbrunner",Fast Food,Medium,Lower East Side,6:25,19:32,1,true
932,Stroman-Witting,Pop-ups,Medium,"",6:33,22:37,5,true
933,Welch Group,Pop-ups,Expensive,Lower East Side,8:17,21:21,2,true
934,Champlin and Sons,Fine Dining,Cheap,Lower West Side,9:56,22:15,0,true
935,"Upton, Oberbrunner and Rath",Pop-ups,Medium,Upper West Side,6:04,20:27,1,true
936,Welch-Nolan,Buffet,Medium,Midtown,9:07,22:55,4,false
937,McLaughlin Inc,Pop-ups,Expensive,"",8:39,19:00,1,true
938,Satterfield-VonRueden,Buffet,Cheap,Chinatown,6:28,21:52,1,false
939,"Lemke, Williamson and Dach",Cafes,Medium,Downtown,7:16,20:30,4,true
940,Steuber and Sons,Pop-ups,Expensive,Upper East Side,9:22,21:52,2,true
941,Littel and Sons,Pop-ups,Cheap,Midtown,8:53,19:22,0,false
942,Monahan-Kozey,Food Truck,Expensive,Upper East Side,6:55,19:51,5,false
943,"Abernathy, Mann and Kassulke",Fine Dining,Medium,Ktown,10:44,21:31,2,false
944,Batz-Kunze,Pop-ups,Expensive,Soho,7:34,21:52,1,false
945,"Howell, Ledner and Paucek",Cafes,Medium,Soho,6:44,18:50,1,false
946,Kuvalis-Medhurst,Cafes,Expensive,Upper West Side,7:47,22:15,5,true
947,Ondricka Inc,Fast Food,Cheap,Upper East Side,9:33,22:06,0,false
948,Altenwerth-Bechtelar,Fine Dining,Cheap,Chinatown,7:26,21:35,5,true
949,Paucek-Nolan,Food Truck,Expensive,Uptown,6:53,18:45,5,false
950,Krajcik-Anderson,Buffet,Cheap,Lower West Side,10:21,21:05,2,false
951,Williamson-Steuber,Food Truck,Expensive,Downtown,7:04,19:09,0,false
952,Kohler LLC,Fast Food,Medium,Chinatown,7:19,18:35,5,false
953,Tromp Group,Cafes,Expensive,Soho,7:59,22:05,0,false
954,Wilderman and Sons,Pop-ups,Cheap,Ktown,6:17,18:55,0,false
955,Abshire LLC,Food Truck,Medium,Upper East Side,10:34,22:25,5,false
956,Reichel LLC,Cafes,Cheap,Midtown,7:34,21:54,3,false
957,"Schmidt, Beer and Conn",Pop-ups,Cheap,Lower East Side,10:11,22:30,3,false
958,Koss Inc,Pop-ups,Medium,"",9:31,20:09,5,false
959,Wisoky-Heidenreich,Pop-ups,Cheap,Chinatown,10:13,21:29,2,true
960,Sanford and Sons,Fine Dining,Cheap,Downtown,9:28,19:50,0,true
961,Lynch LLC,Food Truck,Cheap,Lower West Side,6:34,20:43,5,false
962,Conroy LLC,Fast Food,Medium,Uptown,10:56,21:45,1,true
963,Howell Group,Pop-ups,Cheap,Midtown,8:18,22:14,3,false
964,"Hettinger, Daugherty and Kutch",Pop-ups,Medium,Midtown,9:57,21:04,5,true
965,"Nienow, Kuhlman and Beatty",Pop-ups,Expensive,Downtown,7:48,22:00,1,true
966,Leffler-Schmeler,Fast Food,Expensive,Uptown,6:07,22:20,5,false
967,Cruickshank and Sons,Pop-ups,Cheap,Lower East Side,9:46,21:05,0,true
968,VonRueden Inc,Food Truck,Medium,Downtown,10:36,20:26,4,false
969,Hyatt-Fay,Fast Food,Medium,Lower West Side,6:02,19:44,5,true
970,Metz-Ernser,Buffet,Cheap,"",7:02,19:42,2,true
971,Halvorson and Sons,Fine Dining,Cheap,Ktown,9:35,22:44,4,false
972,Tillman-Huels,Fine Dining,Cheap,Downtown,6:20,19:02,4,true
973,Denesik-Marks,Cafes,Cheap,"",6:26,20:45,5,false
974,Bernier-Kreiger,Pop-ups,Expensive,Upper West Side,9:36,21:15,1,true
975,Toy Inc,Fine Dining,Expensive,Upper West Side,7:33,22:20,4,true
976,Hayes-Zemlak,Cafes,Cheap,Midtown,6:04,22:05,4,false
977,"Bartell, Bartell and Dibbert",Fine Dining,Cheap,Downtown,6:40,19:04,0,true
978,"Conn, Pouros and Hamill",Pop-ups,Medium,Downtown,9:44,20:03,5,false
979,"Kovacek, Strosin and Braun",Pop-ups,Expensive,"",8:11,21:17,3,true
980,Anderson-Gutkowski,Food Truck,Expensive,"",8:06,18:16,1,true
981,Goodwin and Sons,Fast Food,Medium,Lower East Side,9:13,22:35,0,true
982,Price Inc,Buffet,Expensive,Lower West Side,10:57,20:52,2,true
983,Bartell Inc,Cafes,Medium,Ktown,10:30,18:19,2,false
984,"Beier, Lindgren and Parisian",Pop-ups,Cheap,Lower East Side,10:25,20:29,1,false
985,"Mann, Friesen and Grant",Cafes,Cheap,Ktown,6:00,18:03,0,true
986,Rath Group,Cafes,Expensive,"",6:47,18:54,2,true
987,"Kautzer, Reichert and Haag",Pop-ups,Expensive,Uptown,7:10,18:43,3,false
988,Becker-Koss,Fine Dining,Medium,Midtown,10:13,22:21,2,true
989,Lehner Inc,Pop-ups,Expensive,Chinatown,8:39,21:00,0,true
990,Swift Inc,Pop-ups,Medium,Downtown,10:44,20:56,4,false
991,"Sauer, Wisozk and Williamson",Cafes,Medium,Upper East Side,9:59,21:28,5,false
992,"Grant, Stroman and Shields",Buffet,Expensive,Lower East Side,8:25,18:33,1,true
993,Sipes-Huel,Cafes,Medium,Lower West Side,6:26,18:23,2,true
994,Cronin and Sons,Buffet,Medium,Upper West Side,10:06,18:55,0,true
995,Murray-Mosciski,Fast Food,Medium,Midtown,10:26,21:53,4,true
996,"Luettgen, Jaskolski and Hyatt",Cafes,Cheap,Downtown,7:11,18:32,3,true
997,Koss-Cronin,Food Truck,Cheap,Ktown,10:52,20:49,0,false
998,Gerhold-Williamson,Buffet,Medium,Soho,10:22,18:58,3,true
999,"Roberts, Durgan and Legros",Food Truck,Medium,Lower East Side,10:26,19:19,3,false
1000,"Hagenes, Olson and Shields",Pop-ups,Cheap,Upper East Side,6:41,18:50,1,true
